_id,name,email,role,createdAt
cb9dcbb3cc2e6cbf77702dfa,User_1115,user2492@example.com,user,2025-09-19T10:59:51.125227
ddafa6a35ee159c9ddaa8bb1,User_6085,user7485@example.com,user,2026-05-28T10:59:51.125270
cca19c9af6eae92a4a4aa6ee,User_1006,user1859@example.com,user,2026-01-11T10:59:51.125280
be4b36a99fc6e05c9f70c504,User_9861,user2989@example.com,user,2025-09-16T10:59:51.125287
2977d6df710ef1e1eddb5ed6,User_6075,user4339@example.com,user,2025-09-24T10:59:51.125293
747b5adcff9c8962517cfcdd,User_2028,user1495@example.com,user,2026-05-09T10:59:51.125299
e55daabe2a80999178ca91ba,User_4070,user3988@example.com,user,2026-04-18T10:59:51.125306
df6021843a4bba619846bdae,User_7897,user8933@example.com,user,2025-10-10T10:59:51.125311
ce1d0e3d6ade8ebbb7d1be70,User_7523,user4056@example.com,user,2025-10-25T10:59:51.125317
eaa2405eae1cd3cc9e4af26b,User_2890,user7828@example.com,user,2026-03-17T10:59:51.125322
48e982af4dea1ae7feacca2c,User_9924,user6770@example.com,user,2025-08-04T10:59:51.125327
a4a7fdf9fbe9641f85788ef5,User_4510,user3437@example.com,user,2025-12-29T10:59:51.125333
5e5fa570fc4a7ef4e2a02e69,User_1324,user3764@example.com,user,2025-11-19T10:59:51.125338
ffd7bccec32d3e6aa89e1e1d,User_8353,user1346@example.com,user,2025-11-10T10:59:51.125343
d70e923a8fdfe7d6aafa8bdb,User_9902,user8164@example.com,user,2026-05-12T10:59:51.125348
3d5d6aabc1ead8cef6efe12c,User_3007,user1795@example.com,user,2025-07-08T10:59:51.125352
f9c95cafbd305ca6b3aee9ec,User_4686,user7405@example.com,user,2025-11-20T10:59:51.125358
4c56f81555bf038be7d7ff2f,User_5134,user5172@example.com,user,2026-01-05T10:59:51.125363
5e69ff0df8dc18f3dac54ac5,User_6189,user3568@example.com,user,2025-07-30T10:59:51.125369
e9327d9efadeda1d87faf22d,User_6349,user9849@example.com,user,2026-01-05T10:59:51.125374
cdcee608326e7bd6a232a26d,User_8733,user9664@example.com,user,2025-09-28T10:59:51.125382
62c0b9ef9583bce85e1165f1,User_6116,user7021@example.com,user,2025-08-05T10:59:51.125393
bedcd7475cc33b4dd0a99a1b,User_7608,user8079@example.com,user,2025-10-08T10:59:51.125399
b118ad2ed2c732e6432e7fb5,User_3803,user9776@example.com,user,2026-04-18T10:59:51.125405
5a0dcdee336bcbfbddc1ad7d,User_5820,user7707@example.com,user,2025-12-07T10:59:51.125410
daa67b16d7ceffce28b5dbee,User_4159,user4163@example.com,user,2025-11-19T10:59:51.125416
bd28da24bd06dba167a35cba,User_8206,user4983@example.com,user,2026-01-05T10:59:51.125421
9ff33babc8facdcae3abdfce,User_2267,user1572@example.com,user,2025-11-14T10:59:51.125425
cc34efd64ef284c82eb0fb2d,User_2186,user8447@example.com,user,2026-01-16T10:59:51.125430
ae14c4bcca73eeb7c6ed4ff1,User_1810,user1972@example.com,user,2026-05-26T10:59:51.125435
cd7a29b3c3594ebccac23b03,User_2891,user6075@example.com,user,2025-07-12T10:59:51.125440
cbbcf6c07212e1d39c1c8acd,User_7666,user2609@example.com,user,2026-03-15T10:59:51.125445
c5ccfe4fb0fdeecff56eda30,User_6991,user6941@example.com,user,2025-12-24T10:59:51.125450
68ecbb91cd71dcaaa0cd4a71,User_3729,user7076@example.com,user,2025-12-16T10:59:51.125454
31491967bd5a065a42fb0f40,User_7355,user3794@example.com,user,2026-02-11T10:59:51.125459
ff2a8cdea0797a7a8cebb764,User_4134,user4543@example.com,user,2026-05-02T10:59:51.125464
78caab4bfd1f41f76fedf9ef,User_4383,user1107@example.com,user,2026-03-20T10:59:51.125469
14eb3bb2b05f045b577e92dc,User_2422,user2410@example.com,user,2025-10-20T10:59:51.125474
08f93e7b4c36eaf02c5e98c9,User_9281,user8660@example.com,user,2025-12-01T10:59:51.125480
495af1f529aeb028c4b668c2,User_5406,user8234@example.com,user,2025-08-06T10:59:51.125484
e87bf3d96cd5fec29fb0cf0a,User_9909,user5251@example.com,user,2025-06-30T10:59:51.125489
81ddb8633f3b921fbfb590ce,User_7523,user1299@example.com,user,2025-11-16T10:59:51.125494
dffc87ffcc08d4fcd13fcfde,User_9543,user8666@example.com,user,2026-02-27T10:59:51.125502
84d0885b3e7e8e036e36040e,User_5431,user7737@example.com,user,2026-06-01T10:59:51.125507
7eae2bf1722ef238d9e92739,User_8930,user3164@example.com,user,2025-12-25T10:59:51.125511
d6659c1da0f6e6ff21c49aa5,User_9275,user2681@example.com,user,2025-10-17T10:59:51.125517
9d2aadc2cf1db8bf79ada9b7,User_2988,user3270@example.com,user,2025-07-21T10:59:51.125522
aed9c982b6d29ceed21cccc3,User_9279,user6744@example.com,user,2025-12-28T10:59:51.125527
0ab370eef0c12989b4bf89ac,User_9032,user8744@example.com,user,2026-03-06T10:59:51.125531
629d559da8ec12d09707feda,User_6664,user7046@example.com,user,2026-04-24T10:59:51.125537
799cf18117fc9937600bca6b,User_9760,user1411@example.com,user,2026-04-19T10:59:51.125541
fefe0708fda20d1f5c2fbeca,User_7099,user1848@example.com,user,2025-12-02T10:59:51.125546
e0e84879c65d91fc7dbd0e1c,User_6187,user8848@example.com,user,2025-11-12T10:59:51.125551
afe4edfe723fe2eacae3e82b,User_6984,user1152@example.com,user,2025-10-14T10:59:51.125560
54b0dafcbe8e94ca1d56a3ae,User_5847,user7656@example.com,user,2026-01-24T10:59:51.125565
d86ba0bd67cd15ad44f2a053,User_2177,user4349@example.com,user,2025-12-20T10:59:51.125572
cdb7bcdaffc3a6fbd1b8bfad,User_5466,user6400@example.com,user,2026-03-29T10:59:51.125576
2b3db6aebb32edaab2080bac,User_9323,user1641@example.com,user,2025-10-22T10:59:51.125580
f2ba2e020c0e10f0bdecdff4,User_9900,user4195@example.com,user,2025-11-12T10:59:51.125585
a5060f850fac34bfccaaa4d9,User_9278,user1332@example.com,user,2026-04-16T10:59:51.125590
1dd9296fb9fa3eccacad9d54,User_3246,user5704@example.com,user,2026-03-31T10:59:51.125595
5c4326bf1b8ab4827eecf074,User_3187,user8076@example.com,user,2026-02-04T10:59:51.125599
dafc171bccfea168f2d7a1ec,User_2909,user4881@example.com,user,2026-03-31T10:59:51.125604
d8cd2ac41f00cff1c8632dab,User_8620,user2695@example.com,user,2025-08-09T10:59:51.125611
f39b1f6eed446fcecb8aceba,User_9676,user8953@example.com,user,2026-01-27T10:59:51.125618
daddcc66a44badd30b89e69e,User_6286,user5267@example.com,user,2025-08-22T10:59:51.125622
fd7a3c9fefc99402f02c7ac3,User_6515,user2805@example.com,user,2025-07-07T10:59:51.125627
e28dcb47ecf4effcaa9d3bb6,User_1894,user3261@example.com,user,2025-12-31T10:59:51.125631
d7ff32df50f081c9ac3c3cae,User_6558,user3835@example.com,user,2025-11-27T10:59:51.125635
8d81cd9a3daef23928e7eaaa,User_7663,user7898@example.com,user,2025-08-18T10:59:51.125639
c342b1adc674996fbaf0b284,User_8493,user2630@example.com,user,2026-04-20T10:59:51.125643
efddbb6ace0f1d8b7aecb999,User_2312,user1815@example.com,user,2026-03-05T10:59:51.125650
10a15ac6bc4296c5cceaf2cc,User_9145,user9151@example.com,user,2025-07-17T10:59:51.125655
bb1c7ea8371ef299d1fc391e,User_4009,user4485@example.com,user,2026-03-01T10:59:51.125659
c516cd8013beaffab812babc,User_2175,user6800@example.com,user,2026-06-28T10:59:51.125663
70f5e8de97c5d3a78fe3733b,User_6065,user8753@example.com,user,2025-08-29T10:59:51.125667
41384ab1bf8359edabeb3fee,User_9202,user4171@example.com,user,2026-02-13T10:59:51.125672
f9ffc62c42cacaecfffc87fa,User_8793,user5784@example.com,user,2026-01-26T10:59:51.125676
a14bc6d580cafbd80ba4cbb7,User_5506,user8214@example.com,user,2025-09-28T10:59:51.125680
5c5bce00cacf5ffa8f1dbbba,User_1487,user2671@example.com,user,2025-09-29T10:59:51.125684
b8beec99bfbc59dca5d6c73e,User_1097,user2098@example.com,user,2026-02-09T10:59:51.125688
e4f90c8b0ca5deabdc8f61cd,User_6914,user2074@example.com,user,2026-05-28T10:59:51.125692
eefa45a29d2de803fadb7ca9,User_5378,user5422@example.com,user,2026-03-07T10:59:51.125699
a4a715ebce08bc6c34d82e12,User_1941,user2627@example.com,user,2026-04-13T10:59:51.125710
aeebdb00811ccaa2beddb1f2,User_9758,user5935@example.com,user,2026-02-14T10:59:51.125721
33e5d9b02bca3ae7f4cfe7b8,User_6134,user9605@example.com,user,2025-07-30T10:59:51.125732
1c5c8bdcad8ade1aa4b3b60d,User_8162,user8190@example.com,user,2025-08-03T10:59:51.125738
dcb6a434c1e0df2cab4698fd,User_9245,user7220@example.com,user,2026-03-16T10:59:51.125746
0dee0fdea1d1ccdf5c58a42e,User_7152,user8720@example.com,user,2025-11-04T10:59:51.125754
93c54a75e9247ceaa73c8ee6,User_3296,user7292@example.com,user,2025-08-13T10:59:51.125760
28b097e9afaf28cd5abbdadd,User_1601,user1685@example.com,user,2025-10-05T10:59:51.125767
f7e5d400b5cff86af5d0cc28,User_2164,user8667@example.com,user,2026-04-13T10:59:51.125776
ecdbe8d88bf236c6cd8b144d,User_5164,user9895@example.com,user,2025-10-11T10:59:51.125783
01028c65daacdb2ab3ce6bdf,User_2995,user4931@example.com,user,2025-11-09T10:59:51.125790
cbae5fde9fd3a52422bd1cce,User_9754,user5123@example.com,user,2026-01-28T10:59:51.125796
7eb3cac4d1f63caefc29fece,User_3134,user5029@example.com,user,2025-10-10T10:59:51.125803
fb146bf43e4c5bebe83e544e,User_1880,user1310@example.com,user,2025-10-21T10:59:51.125808
1c9af9f52e26d1bbfccada0a,User_5219,user3563@example.com,user,2025-09-21T10:59:51.125815
bc4d52fdb8cf66167b8a535c,User_9125,user9706@example.com,user,2025-07-30T10:59:51.125823
329bfdfe4ef875bba5dae653,User_8638,user1568@example.com,user,2025-10-05T10:59:51.125830
